0,Note,Time,Delay,Channel
1,.A,1.25,0.375,0
2,.B,2.25,0.375,0
3,.B,2.625,0.25,0
4,D,2.875,0.625,0
5,E,4.16650390625,0.65625,0
6,D,4.83349609375,0.15625,0
7,D,5.0,0.5,0
8,E,6.25,0.5,0
9,D,7.5,0.625,0
10,.B,8.125,0.125,0
11,.B,8.25,0.625,0
12,.B,10.125,0.125,0
13,.B,10.25,0.25,0
14,.B,10.5,0.34375,0
15,.A,10.83349609375,0.84375,0
16,.A,11.66650390625,1.71875,0
17,.G,13.875,0.75,0
18,.G,14.625,0.125,0
19,.G,14.75,0.09375,0
