0,Note,Time,Delay,Channel
1,G,2.66650390625,5.59375,0
2,G,8.25,0.0,0
