0,Note,Time,Delay,Channel
1,.G,1.16650390625,1.96875,0
2,D,3.125,0.5,0
3,E,3.625,1.75,0
4,B,5.375,0.5,0
5,^C,5.875,0.46875,0
6,^D,6.33349609375,0.90625,0
7,^F,7.25,1.25,0
8,^F,8.5,0.875,0
9,^D,9.375,0.5,0
10,^C,9.875,0.46875,0
11,B,10.33349609375,3.5,0
12,.A,13.83349609375,0.65625,0
13,.G,14.5,0.25,0
14,C,14.75,0.0,0
