0,Note,Time,Delay,Channel
1,.A,0.175,0.1875,0
2,D,0.3727272727272727,0.21875,0
3,C ^E ,0.6181818181818182,0.09375,0
4,.B,0.709090909090909,0.09375,0
5,.G,0.8022727272727271,0.0625,0
