0,Note,Time,Delay,Channel
1,F .A,0,1.3125,0
2,F .A,1.325,0.09375,0
3,.B,1.6045454545454545,0.03125,0
4,.G,1.8022727272727275,0.0,0
