0,Note,Time,Delay,Channel
1,D E ^F,0,0.375,0
2,D,0.3727272727272727,0.1875,0
3,E,0.5590909090909091,0.1875,0
4,E G F B ^C ,0.7318181818181817,0.03125,0
5,.B,0.7545454545454544,0.25,0
6,D .B E ,1.0090909090909088,0.09375,0
7,.B,1.0909090909090906,0.21875,0
8,F,1.311363636363636,0.0625,0
9,.B,1.3795454545454544,0.0,0
